fecha,universidad,proyecto_personal,ejercicio,lectura
2026-08-01,0,0,0,0
2026-08-02,0,0,0,0
2026-08-03,510,0,45,0
2026-08-04,150,150,0,0
2026-08-05,150,210,0,0
2026-08-06,180,0,0,20
2026-08-07,360,0,45,0
2026-08-08,0,120,0,0
2026-08-09,0,0,0,0
2026-08-10,540,0,0,25
2026-08-11,150,0,50,0
2026-08-12,150,300,0,0
2026-08-13,180,180,0,0
2026-08-14,360,300,0,0
2026-08-15,0,240,0,0
2026-08-16,0,0,45,0
2026-08-17,510,0,0,0
2026-08-18,195,0,50,0
2026-08-19,150,0,0,20
2026-08-20,180,0,55,0
2026-08-21,360,240,0,0
2026-08-22,0,330,0,0
2026-08-23,0,0,55,0
2026-08-24,570,0,0,25
2026-08-25,150,0,60,0
2026-08-26,195,0,0,0
2026-08-27,180,0,55,0
2026-08-28,390,0,0,0
2026-08-29,0,150,60,0
2026-08-30,0,0,0,0
