semana_calendario,dia_semana,fecha,universidad,proyecto_personal,ejercicio,lectura
27 jul–2 ago,sabado,2026-08-01,0,0,0,0
27 jul–2 ago,domingo,2026-08-02,0,0,0,0
3–9 ago,lunes,2026-08-03,510,0,45,0
3–9 ago,martes,2026-08-04,150,150,0,0
3–9 ago,miercoles,2026-08-05,150,210,0,0
3–9 ago,jueves,2026-08-06,180,0,0,20
3–9 ago,viernes,2026-08-07,360,0,45,0
3–9 ago,sabado,2026-08-08,0,120,0,0
3–9 ago,domingo,2026-08-09,0,0,0,0
10–16 ago,lunes,2026-08-10,540,0,0,25
10–16 ago,martes,2026-08-11,150,0,50,0
10–16 ago,miercoles,2026-08-12,150,300,0,0
10–16 ago,jueves,2026-08-13,180,180,0,0
10–16 ago,viernes,2026-08-14,360,300,0,0
10–16 ago,sabado,2026-08-15,0,240,0,0
10–16 ago,domingo,2026-08-16,0,0,45,0
17–23 ago,lunes,2026-08-17,510,0,0,0
17–23 ago,martes,2026-08-18,195,0,50,0
17–23 ago,miercoles,2026-08-19,150,0,0,20
17–23 ago,jueves,2026-08-20,180,0,55,0
17–23 ago,viernes,2026-08-21,360,240,0,0
17–23 ago,sabado,2026-08-22,0,330,0,0
17–23 ago,domingo,2026-08-23,0,0,55,0
24–30 ago,lunes,2026-08-24,570,0,0,25
24–30 ago,martes,2026-08-25,150,0,60,0
24–30 ago,miercoles,2026-08-26,195,0,0,0
24–30 ago,jueves,2026-08-27,180,0,55,0
24–30 ago,viernes,2026-08-28,390,0,0,0
24–30 ago,sabado,2026-08-29,0,150,60,0
24–30 ago,domingo,2026-08-30,0,0,0,0
31 ago–6 sep,lunes,2026-08-31,120,0,0,0
31 ago–6 sep,martes,2026-09-01,270,0,60,0
31 ago–6 sep,miercoles,2026-09-02,300,0,60,0
31 ago–6 sep,jueves,2026-09-03,360,0,0,0
31 ago–6 sep,viernes,2026-09-04,480,0,45,0
31 ago–6 sep,sabado,2026-09-05,120,0,0,0
31 ago–6 sep,domingo,2026-09-06,0,0,60,30
7–13 sep,lunes,2026-09-07,240,0,0,0
7–13 sep,martes,2026-09-08,390,0,60,0
7–13 sep,miercoles,2026-09-09,510,0,0,0
7–13 sep,jueves,2026-09-10,300,0,45,0
7–13 sep,viernes,2026-09-11,360,120,60,0
7–13 sep,sabado,2026-09-12,0,180,60,0
7–13 sep,domingo,2026-09-13,0,150,0,0
14–20 sep,lunes,2026-09-14,270,0,0,60
14–20 sep,martes,2026-09-15,360,0,60,45
14–20 sep,miercoles,2026-09-16,300,0,0,75
14–20 sep,jueves,2026-09-17,270,0,0,60
14–20 sep,viernes,2026-09-18,360,0,0,45
14–20 sep,sabado,2026-09-19,180,0,60,90
14–20 sep,domingo,2026-09-20,120,0,0,60
21–27 sep,lunes,2026-09-21,300,0,0,60
21–27 sep,martes,2026-09-22,330,0,60,45
21–27 sep,miercoles,2026-09-23,420,0,0,60
21–27 sep,jueves,2026-09-24,240,0,0,30
21–27 sep,viernes,2026-09-25,300,0,0,45
