fecha,dia_semana,semana,es_fin_de_semana,dia_tipo,universidad_min,proyecto_personal_min,proyecto_tarea,ejercicio_min,lectura_min,total_productivo_min,bloques_productivos,energia_1_5,foco_1_5,suenio_horas,puntaje_productividad,nivel_productividad,comentario
2026-08-01,sabado,1,true,descanso,0,0,"",0,0,0,0,3,2,7.8,0,bajo,"baja actividad registrada"
2026-08-02,domingo,1,true,descanso,0,0,"",0,0,0,0,2,1,8.0,0,bajo,"baja actividad registrada"
2026-08-03,lunes,1,false,cursada,510,0,"",45,0,555,2,3,2,6.9,51,alto,"dia que suele costar mas; gimnasio"
2026-08-04,martes,1,false,cursada,150,150,"UI web - pantallas Mi Club y Panel de Control",0,0,300,2,3,3,7.2,42,medio,"avance en proyecto personal"
2026-08-05,miercoles,1,false,cursada,150,210,"UI inventario lista - limpieza de logica de disponibilidad",0,0,360,2,3,3,7.2,51,alto,"avance en proyecto personal"
2026-08-06,jueves,1,false,cursada,180,0,"",0,20,200,2,3,3,7.2,31,medio,"lectura"
2026-08-07,viernes,1,false,cursada,360,0,"",45,0,405,2,3,2,6.9,51,alto,"dia que suele costar mas; gimnasio"
2026-08-08,sabado,2,true,fin_de_semana_activo,0,120,"UI pantallas equipo - ajuste de flujo de empleado nuevo",0,0,120,1,3,2,7.8,18,bajo,"avance en proyecto personal"
2026-08-09,domingo,2,true,descanso,0,0,"",0,0,0,0,2,1,8.0,0,bajo,"baja actividad registrada"
2026-08-10,lunes,2,false,cursada,540,0,"",0,25,565,2,2,2,6.9,48,medio,"dia que suele costar mas; lectura"
2026-08-11,martes,2,false,cursada,150,0,"",50,0,200,2,4,3,7.2,32,medio,"gimnasio"
2026-08-12,miercoles,2,false,cursada,150,300,"UI y arreglos en clientes + auditoria verificacion SMTP/SMS",0,0,450,2,3,3,7.2,55,alto,"avance en proyecto personal"
2026-08-13,jueves,2,false,cursada,180,180,"Restyling de pantalla mantenimiento",0,0,360,2,3,3,7.2,50,alto,"avance en proyecto personal"
2026-08-14,viernes,2,false,cursada,360,300,"Restyling UI agenda + fix de bug grande en reservas",0,0,660,2,3,3,6.5,75,muy_alto,"dia que suele costar mas; avance en proyecto personal"
2026-08-15,sabado,3,true,fin_de_semana_activo,0,240,"Restyling completo agenda + correcciones de errores",0,0,240,1,3,3,7.4,35,medio,"avance en proyecto personal"
2026-08-16,domingo,3,true,descanso,0,0,"",45,0,45,1,3,1,8.0,11,bajo,"gimnasio"
2026-08-17,lunes,3,false,cursada,510,0,"",0,0,510,1,2,2,6.9,40,medio,"dia que suele costar mas"
2026-08-18,martes,3,false,cursada,195,0,"",50,0,245,2,4,3,7.2,38,medio,"gimnasio"
2026-08-19,miercoles,3,false,cursada,150,0,"",0,20,170,2,3,3,7.2,27,medio,"lectura"
2026-08-20,jueves,3,false,cursada,180,0,"",55,0,235,2,4,3,7.2,38,medio,"gimnasio"
2026-08-21,viernes,3,false,cursada,360,240,"Restyling grueso en torneos y metricas",0,0,600,2,3,3,6.9,75,muy_alto,"dia que suele costar mas; avance en proyecto personal"
2026-08-22,sabado,4,true,fin_de_semana_activo,0,330,"Implementacion de pagos de productos y links rapidos del club",0,0,330,1,3,3,7.4,35,medio,"avance en proyecto personal"
2026-08-23,domingo,4,true,descanso,0,0,"",55,0,55,1,3,1,8.0,14,bajo,"gimnasio"
2026-08-24,lunes,4,false,cursada,570,0,"",0,25,595,2,2,2,6.9,48,medio,"dia que suele costar mas; lectura"
2026-08-25,martes,4,false,cursada,150,0,"",60,0,210,2,4,3,7.2,35,medio,"gimnasio"
2026-08-26,miercoles,4,false,cursada,195,0,"",0,0,195,1,3,3,7.2,26,medio,"baja actividad registrada"
2026-08-27,jueves,4,false,cursada,180,0,"",55,0,235,2,4,3,7.2,38,medio,"gimnasio"
2026-08-28,viernes,4,false,cursada,390,0,"",0,0,390,1,2,2,6.9,40,medio,"dia que suele costar mas"
2026-08-29,sabado,5,true,fin_de_semana_activo,0,150,"Ajustes menores y planificacion del backlog",60,0,210,2,4,3,7.8,37,medio,"avance en proyecto personal; gimnasio"
2026-08-30,domingo,5,true,descanso,0,0,"",0,0,0,0,2,1,8.0,0,bajo,"baja actividad registrada"
2026-08-31,lunes,5,false,estudio_extra,120,0,"",0,0,120,1,2,2,7.0,16,bajo,"falte a cursada; preparacion de presentacion"
2026-09-01,martes,6,false,cursada,270,0,"",60,0,330,2,4,4,7.1,51,alto,"cursada y preparacion de presentacion; boxeo"
2026-09-02,miercoles,6,false,cursada,300,0,"",60,0,360,2,4,3,7.0,55,alto,"cursada, estudio extra y entrenamiento"
2026-09-03,jueves,6,false,cursada,360,0,"",0,0,360,1,3,4,6.8,40,medio,"preparacion fuerte para presentacion"
2026-09-04,viernes,6,false,cursada,480,0,"",45,0,525,2,3,3,6.5,51,alto,"dia que suele costar mas; presentacion; gimnasio"
2026-09-05,sabado,6,true,fin_de_semana_activo,120,0,"",0,0,120,1,3,3,7.8,16,bajo,"repaso inicial para entrega y parcial"
2026-09-06,domingo,6,true,descanso,0,0,"",60,30,90,2,3,2,8.0,25,medio,"gimnasio; lectura"
2026-09-07,lunes,7,false,estudio_extra,240,0,"",0,0,240,1,2,3,6.9,32,medio,"falte a cursada; preparacion de entrega y parcial"
2026-09-08,martes,7,false,cursada,390,0,"",60,0,450,2,4,4,6.8,55,alto,"cursada y trabajo fuerte para entrega; boxeo"
2026-09-09,miercoles,7,false,cursada,510,0,"",0,0,510,1,3,4,6.3,40,medio,"entrega y preparacion intensa para parcial"
2026-09-10,jueves,7,false,cursada,300,0,"",45,0,345,2,4,4,6.5,51,alto,"parcial; cursada y gimnasio"
2026-09-11,viernes,7,false,cursada,360,120,"Planificacion y organizacion de tareas del proyecto personal",60,0,540,3,4,3,6.7,72,alto,"dia que suele costar mas; padel; vuelta al proyecto personal"
2026-09-12,sabado,7,true,fin_de_semana_activo,0,180,"Planificacion y organizacion de backlog del proyecto personal",60,0,240,2,4,3,7.8,41,medio,"avance en proyecto personal; gimnasio"
2026-09-13,domingo,7,true,fin_de_semana_activo,0,150,"Organizacion de tareas y prioridades del proyecto personal",0,0,150,1,2,1,8.0,22,bajo,"avance en proyecto personal"
2026-09-14,lunes,8,false,estudio_extra,270,0,"",0,60,330,2,3,3,7.1,48,medio,"estudio para examenes; lectura e investigacion sobre el nuevo trabajo"
2026-09-15,martes,8,false,cursada,360,0,"",60,45,465,3,4,4,7.0,65,alto,"cursada y estudio para examenes; boxeo; lectura sobre el nuevo trabajo"
2026-09-16,miercoles,8,false,estudio_extra,300,0,"",0,75,375,2,3,3,6.9,52,alto,"preparacion para examenes; investigacion sobre el nuevo trabajo"
2026-09-17,jueves,8,false,cursada,270,0,"",0,60,330,2,4,3,7.0,52,alto,"cursada y examen; primer dia de trabajo e informacion de induccion"
2026-09-18,viernes,8,false,estudio_extra,360,0,"",0,45,405,2,3,3,6.8,51,alto,"estudio para examen; lectura sobre tareas del nuevo trabajo"
2026-09-19,sabado,9,true,fin_de_semana_activo,180,0,"",60,90,330,3,4,3,7.8,55,alto,"repaso para examen; padel; lectura sobre el nuevo trabajo"
2026-09-20,domingo,9,true,estudio_extra,120,0,"",0,60,180,2,3,2,8.0,30,medio,"estudio liviano para examen; lectura sobre el nuevo trabajo"
2026-09-21,lunes,9,false,estudio_extra,300,0,"",0,60,360,2,3,3,7.0,51,alto,"estudio para examenes; investigacion sobre el nuevo trabajo"
2026-09-22,martes,9,false,cursada,330,0,"",60,45,435,3,4,4,7.1,63,alto,"cursada y estudio para examenes; boxeo; lectura sobre el nuevo trabajo"
2026-09-23,miercoles,9,false,estudio_extra,420,0,"",0,60,480,2,3,4,6.8,58,alto,"examen y repaso; lectura sobre el nuevo trabajo"
2026-09-24,jueves,9,false,cursada,240,0,"",0,30,270,2,4,3,7.2,44,medio,"cursada y estudio; lectura sobre el nuevo trabajo"
2026-09-25,viernes,9,false,estudio_extra,300,0,"",0,45,345,2,3,3,7.0,48,medio,"estudio para examenes; lectura sobre el nuevo trabajo"
