periodo,actividad,minutos_promedio_diario
1–2 ago,Universidad,0.0
1–2 ago,Proyecto personal,0.0
1–2 ago,Ejercicio,0.0
1–2 ago,Lectura,0.0
3–9 ago,Universidad,192.9
3–9 ago,Proyecto personal,68.6
3–9 ago,Ejercicio,12.9
3–9 ago,Lectura,2.9
10–16 ago,Universidad,197.1
10–16 ago,Proyecto personal,145.7
10–16 ago,Ejercicio,13.6
10–16 ago,Lectura,3.6
17–23 ago,Universidad,199.3
17–23 ago,Proyecto personal,81.4
17–23 ago,Ejercicio,22.9
17–23 ago,Lectura,2.9
24–30 ago,Universidad,212.1
24–30 ago,Proyecto personal,21.4
24–30 ago,Ejercicio,25.0
24–30 ago,Lectura,3.6
31 ago–6 sep,Universidad,235.7
31 ago–6 sep,Proyecto personal,0.0
31 ago–6 sep,Ejercicio,32.1
31 ago–6 sep,Lectura,4.3
7–13 sep,Universidad,257.1
7–13 sep,Proyecto personal,64.3
7–13 sep,Ejercicio,32.1
7–13 sep,Lectura,0.0
14–20 sep,Universidad,265.7
14–20 sep,Proyecto personal,0.0
14–20 sep,Ejercicio,17.1
14–20 sep,Lectura,62.1
21–25 sep,Universidad,318.0
21–25 sep,Proyecto personal,0.0
21–25 sep,Ejercicio,12.0
21–25 sep,Lectura,48.0
